tier,rmse,mae,mape,rsq
Budget,2265.103796474205,1834.1276031819827,18.156987552977576,0.2580883327596635
Affordable,3017.2805461816165,2412.0152614522444,10.821487706453482,0.42083777897169017
Mid-Range,4972.317328346237,4008.894514077192,10.330811901370165,0.2052177642282399
Premium,11566.813611630609,9146.434039356398,13.342380749387829,0.02170692231905824
