tier,rmse,mae,mape,rsq
Budget,2385.4958654504408,1915.4453419732627,18.78672210618337,0.15583095809840763
Affordable,3012.0880719539277,2389.1470659991114,10.843545605419932,0.4299786261470676
Mid-Range,5138.97280887363,4134.982743450414,10.653036358815555,0.13750361451733495
Premium,9862.113944925724,8076.333059634015,12.671022621725081,0.06862293630069849
